-- phpMyAdmin SQL Dump
-- version 4.7.4
-- https://www.phpmyadmin.net/
--
-- Host: 127.0.0.1:3306
-- Generation Time: Aug 28, 2019 at 10:32 AM
-- Server version: 5.7.19
-- PHP Version: 7.1.9

SET SQL_MODE = "NO_AUTO_VALUE_ON_ZERO";
SET AUTOCOMMIT = 0;
START TRANSACTION;
SET time_zone = "+00:00";


/*!40101 SET @OLD_CHARACTER_SET_CLIENT=@@CHARACTER_SET_CLIENT */;
/*!40101 SET @OLD_CHARACTER_SET_RESULTS=@@CHARACTER_SET_RESULTS */;
/*!40101 SET @OLD_COLLATION_CONNECTION=@@COLLATION_CONNECTION */;
/*!40101 SET NAMES utf8mb4 */;

--
-- Database: `wke_admin`
--

-- --------------------------------------------------------

--
-- Table structure for table `activity_logs`
--

DROP TABLE IF EXISTS `activity_logs`;
CREATE TABLE IF NOT EXISTS `activity_logs` (
  `id` int(11) NOT NULL AUTO_INCREMENT,
  `description` varchar(500) NOT NULL,
  `date` varchar(500) NOT NULL,
  `user_id` bigint(20) DEFAULT NULL,
  `ip_address` varchar(500) NOT NULL,
  PRIMARY KEY (`id`)
) ENGINE=MyISAM AUTO_INCREMENT=2939 DEFAULT CHARSET=latin1;

--
-- Dumping data for table `activity_logs`
--

INSERT INTO `activity_logs` (`id`, `description`, `date`, `user_id`, `ip_address`) VALUES
(2938, 'View Projects', '1566988325', 20, '::1'),
(2937, 'View Projects', '1566988296', 20, '::1'),
(2936, 'View Projects', '1566988282', 20, '::1'),
(2935, 'View Roles', '1566988280', 20, '::1'),
(2934, 'View Projects', '1566988218', 20, '::1'),
(2933, 'View Projects', '1566988212', 20, '::1'),
(2932, 'View Projects', '1566988205', 20, '::1'),
(2931, 'View Projects', '1566988139', 20, '::1'),
(2930, 'View Projects', '1566988127', 20, '::1'),
(2929, 'View Projects', '1566988117', 20, '::1'),
(2928, 'View Projects', '1566988076', 20, '::1'),
(2927, 'View Projects', '1566988074', 20, '::1'),
(2926, 'View Projects', '1566988069', 20, '::1'),
(2925, 'Project Deleted [ID:9]', '1566988067', 20, '::1'),
(2924, 'View Projects', '1566988064', 20, '::1'),
(2923, 'View Projects', '1566988014', 20, '::1'),
(2922, 'View Projects', '1566988013', 20, '::1'),
(2921, 'View Projects', '1566988012', 20, '::1'),
(2920, 'Project Added[ID:9] ', '1566988012', 20, '::1'),
(2919, 'View Projects', '1566988002', 20, '::1'),
(2918, 'View Projects', '1566988000', 20, '::1'),
(2917, 'View Projects', '1566987956', 20, '::1'),
(2916, 'View Projects', '1566987943', 20, '::1'),
(2915, 'Project Added[ID:8] ', '1566987943', 20, '::1'),
(2914, 'View Projects', '1566987930', 20, '::1'),
(2913, 'View Projects', '1566987849', 20, '::1'),
(2912, 'View Projects', '1566987622', 20, '::1'),
(2911, 'View dashboard', '1566987620', 20, '::1'),
(2910, 'View dashboard', '1566987611', 20, '::1'),
(2909, 'View Projects', '1566987608', 20, '::1'),
(2908, 'View Categories', '1566987607', 20, '::1'),
(2907, 'View Roles', '1566987606', 20, '::1'),
(2906, 'View Roles', '1566987568', 20, '::1'),
(2905, 'View dashboard', '1566987486', 20, '::1'),
(2904, 'View dashboard', '1566987472', 20, '::1'),
(2903, 'View dashboard', '1566987437', 20, '::1'),
(2902, 'View Projects', '1566987434', 20, '::1'),
(2901, 'View dashboard', '1566987357', 20, '::1'),
(2900, 'View dashboard', '1566987348', 20, '::1'),
(2899, 'View dashboard', '1566987265', 20, '::1'),
(2898, 'View Projects', '1566986360', 20, '::1'),
(2897, 'View Projects', '1566986342', 20, '::1'),
(2896, 'View Projects', '1566986203', 20, '::1'),
(2895, 'View Projects', '1566986194', 20, '::1'),
(2894, 'View Projects', '1566986187', 20, '::1'),
(2893, 'View Projects', '1566986181', 20, '::1'),
(2892, 'View Projects', '1566986170', 20, '::1'),
(2891, 'View Projects', '1566986120', 20, '::1'),
(2890, 'View Projects', '1566986107', 20, '::1'),
(2889, 'View Projects', '1566986094', 20, '::1'),
(2888, 'View Projects', '1566986070', 20, '::1'),
(2887, 'View Projects', '1566985997', 20, '::1'),
(2886, 'View Roles', '1566985996', 20, '::1'),
(2885, 'View Categories', '1566985995', 20, '::1'),
(2884, 'View Projects', '1566985862', 20, '::1'),
(2883, 'View Categories', '1566985861', 20, '::1'),
(2882, 'View Roles', '1566985860', 20, '::1'),
(2881, 'View dashboard', '1566984805', 20, '::1'),
(2880, 'View dashboard', '1566984692', 20, '::1'),
(2879, 'View Projects', '1566984691', 20, '::1'),
(2878, 'View Roles', '1566984691', 20, '::1'),
(2877, 'View dashboard', '1566984687', 20, '::1'),
(2876, 'View Roles', '1566984576', 20, '::1'),
(2875, 'View Projects', '1566984575', 20, '::1'),
(2874, 'View dashboard', '1566984575', 20, '::1'),
(2873, 'View dashboard', '1566984522', 20, '::1'),
(2872, 'View dashboard', '1566984496', 20, '::1'),
(2871, 'View dashboard', '1566984369', 20, '::1'),
(2870, 'View dashboard', '1566984343', 20, '::1'),
(2869, 'View dashboard', '1566984333', 20, '::1'),
(2868, 'View dashboard', '1566984316', 20, '::1'),
(2867, 'View dashboard', '1566984316', 20, '::1'),
(2866, 'View Projects', '1566977313', 20, '::1'),
(2865, 'View Projects', '1566977272', 20, '::1'),
(2864, 'View Roles', '1566965352', 20, '::1'),
(2863, 'User Logged In : [Shivani  Nagoria , sna@narola.email]', '1566965340', 20, '::1'),
(2862, 'View Roles', '1566910830', 20, '::1'),
(2861, 'View dashboard', '1566901662', 25, '::1'),
(2860, 'View Categories', '1566901661', 25, '::1'),
(2859, 'User Logged In : [sdnarola sd , sd@narola.email]', '1566901658', 25, '::1'),
(2858, 'Failed Login Attempt [ Unknown Access ]', '1566901649', NULL, '::1'),
(2857, 'User Logged In : [Shivani  Nagoria , sna@narola.email]', '1566901613', 20, '::1'),
(2856, 'User Logged Out : [Shivani  Nagoria , sna@narola.email]', '1566901609', 20, '::1'),
(2855, 'User Logged In : [Shivani  Nagoria , sna@narola.email]', '1566901605', 20, '::1'),
(2854, 'User Logged In : [Shivani  Nagoria , sna@narola.email]', '1566901187', 20, '::1'),
(2853, 'User Logged Out : [Shivani  Nagoria , sna@narola.email]', '1566901173', 20, '::1'),
(2852, 'View dashboard', '1566901166', 20, '::1'),
(2851, 'User Logged In : [Shivani  Nagoria , sna@narola.email]', '1566901166', 20, '::1'),
(2850, 'User Logged Out : [Shivani  Nagoria , sna@narola.email]', '1566901151', 20, '::1'),
(2849, 'View dashboard', '1566901149', 20, '::1'),
(2848, 'View dashboard', '1566901124', 20, '::1'),
(2847, 'View dashboard', '1566901120', 20, '::1'),
(2846, 'User Logged In : [Shivani  Nagoria , sna@narola.email]', '1566901120', 20, '::1'),
(2845, 'User Logged Out : [Shivani  Nagoria , sna@narola.email]', '1566901114', 20, '::1'),
(2844, 'View dashboard', '1566901110', 20, '::1'),
(2843, 'View Projects', '1566901109', 20, '::1'),
(2842, 'View dashboard', '1566901106', 20, '::1'),
(2841, 'View dashboard', '1566901103', 20, '::1'),
(2840, 'View dashboard', '1566901020', 20, '::1'),
(2839, 'User Logged In : [Shivani  Nagoria , sna@narola.email]', '1566901020', 20, '::1'),
(2838, 'User Logged Out : [Shivani  Nagoria , sna@narola.email]', '1566900478', 20, '::1'),
(2837, 'View dashboard', '1566900475', 20, '::1'),
(2836, 'View dashboard', '1566900473', 20, '::1'),
(2835, 'View dashboard', '1566900473', 20, '::1'),
(2834, 'View dashboard', '1566900472', 20, '::1'),
(2833, 'View dashboard', '1566900434', 20, '::1'),
(2832, 'User Logged In : [Shivani  Nagoria , sna@narola.email]', '1566900434', 20, '::1'),
(2831, 'View dashboard', '1566900429', 20, '::1'),
(2830, 'User Logged In : [Shivani  Nagoria , sna@narola.email]', '1566900429', 20, '::1'),
(2829, 'User Logged Out : [Shivani  Nagoria , sna@narola.email]', '1566900423', 20, '::1'),
(2827, 'View dashboard', '1566900081', 20, '::1'),
(2828, 'View dashboard', '1566900409', 20, '::1'),
(2826, 'User Logged In : [Shivani  Nagoria , sna@narola.email]', '1566900060', 20, '::1'),
(2825, 'User Logged Out : [Shivani  Nagoria , sna@narola.email]', '1566900012', 20, '::1'),
(2824, 'View dashboard', '1566900008', 20, '::1'),
(2822, 'View dashboard', '1566899838', 20, '::1'),
(2823, 'View dashboard', '1566900004', 20, '::1'),
(2821, 'User Logged In : [Shivani  Nagoria , sna@narola.email]', '1566899816', 20, '::1'),
(2820, 'User Logged In : [Shivani  Nagoria , sna@narola.email]', '1566899722', 20, '::1'),
(2819, 'User Logged In : [Shivani  Nagoria , sna@narola.email]', '1566899701', 20, '::1'),
(2818, 'User Logged In : [Shivani  Nagoria , sna@narola.email]', '1566899688', 20, '::1'),
(2817, 'User Logged In : [Shivani  Nagoria , sna@narola.email]', '1566899674', 20, '::1'),
(2816, 'User Logged In : [Shivani  Nagoria , sna@narola.email]', '1566899654', 20, '::1'),
(2815, 'User Logged In : [Shivani  Nagoria , sna@narola.email]', '1566899559', 20, '::1'),
(2814, 'User Logged In : [Shivani  Nagoria , sna@narola.email]', '1566899548', 20, '::1'),
(2813, 'User Logged In : [Shivani  Nagoria , sna@narola.email]', '1566899545', 20, '::1'),
(2812, 'User Logged In : [Shivani  Nagoria , sna@narola.email]', '1566899426', 20, '::1'),
(2811, 'User Logged In : [Shivani  Nagoria , sna@narola.email]', '1566899410', 20, '::1'),
(2810, 'User Logged In : [Shivani  Nagoria , sna@narola.email]', '1566899402', 20, '::1'),
(2809, 'User Logged In : [Shivani  Nagoria , sna@narola.email]', '1566899394', 20, '::1'),
(2808, 'User Logged In : [Shivani  Nagoria , sna@narola.email]', '1566899359', 20, '::1'),
(2807, 'User Logged In : [sdnarola sd , sd@narola.email]', '1566899304', 25, '::1'),
(2806, 'User Logged In : [Shivani  Nagoria , sna@narola.email]', '1566899299', 20, '::1'),
(2805, 'User Logged In : [Shivani  Nagoria , sna@narola.email]', '1566899298', 20, '::1'),
(2804, 'User Logged In : [Shivani  Nagoria , sna@narola.email]', '1566899290', 20, '::1'),
(2803, 'User Logged In : [Shivani  Nagoria , sna@narola.email]', '1566899285', 20, '::1'),
(2802, 'User Logged In : [Shivani  Nagoria , sna@narola.email]', '1566899254', 20, '::1'),
(2801, 'User Logged In : [Shivani  Nagoria , sna@narola.email]', '1566899217', 20, '::1'),
(2800, 'User Logged In : [Shivani  Nagoria , sna@narola.email]', '1566899206', 20, '::1'),
(2799, 'User Logged In : [Shivani  Nagoria , sna@narola.email]', '1566899203', 20, '::1'),
(2798, 'User Logged Out : [Shivani  Nagoria , sna@narola.email]', '1566899100', 20, '::1'),
(2797, 'User Logged In : [Shivani  Nagoria , sna@narola.email]', '1566898423', 20, '::1'),
(2796, 'Failed Login Attempt [ Unknown Access ]', '1566898420', NULL, '::1'),
(2795, 'Failed Login Attempt [ Unknown Access ]', '1566898414', NULL, '::1'),
(2794, 'User Logged Out : [Shivani  Nagoria , sna@narola.email]', '1566898399', 20, '::1'),
(2793, 'View Projects', '1566879073', 20, '::1'),
(2791, 'View Roles', '1566879072', 20, '::1'),
(2792, 'View Categories', '1566879073', 20, '::1'),
(2790, 'View Roles', '1566878880', 20, '::1'),
(2788, 'View dashboard', '1566878820', 20, '::1'),
(2789, 'View Projects', '1566878879', 20, '::1'),
(2786, 'View dashboard', '1566822730', 20, '::1'),
(2787, 'User Logged In : [Shivani  Nagoria , sna@narola.email]', '1566878820', 20, '::1'),
(2785, 'User Logged In : [Shivani  Nagoria , sna@narola.email]', '1566822730', 20, '::1'),
(2783, 'View Projects', '1566822664', 25, '::1'),
(2784, 'User Logged Out : [sdnarola sd , sd@narola.email]', '1566822723', 25, '::1'),
(2782, 'View dashboard', '1566822663', 25, '::1'),
(2780, 'View Categories', '1566822662', 25, '::1'),
(2781, 'View Projects', '1566822662', 25, '::1'),
(2779, 'View dashboard', '1566819312', 25, '::1'),
(2777, 'View Projects', '1566819310', 25, '::1'),
(2778, 'View Projects', '1566819311', 25, '::1'),
(2776, 'View Projects', '1566819310', 25, '::1'),
(2774, 'View Categories', '1566818082', 25, '::1'),
(2775, 'View Categories', '1566818089', 25, '::1'),
(2773, 'View Projects', '1566818081', 25, '::1'),
(2771, 'View Projects', '1566818075', 25, '::1'),
(2772, 'View dashboard', '1566818077', 25, '::1'),
(2770, 'View Categories', '1566818074', 25, '::1'),
(2768, 'View Categories', '1566818070', 25, '::1'),
(2769, 'View Projects', '1566818070', 25, '::1'),
(2767, 'View Categories', '1566818068', 25, '::1'),
(2765, 'View dashboard', '1566818063', 25, '::1'),
(2766, 'View Projects', '1566818067', 25, '::1'),
(2764, 'View Projects', '1566818053', 25, '::1'),
(2762, 'View Projects', '1566818051', 25, '::1'),
(2763, 'View dashboard', '1566818052', 25, '::1'),
(2761, 'View Categories', '1566818050', 25, '::1'),
(2759, 'View Projects', '1566818044', 25, '::1'),
(2760, 'View Projects', '1566818048', 25, '::1'),
(2758, 'View Categories', '1566818041', 25, '::1'),
(2756, 'View Categories', '1566817994', 25, '::1'),
(2757, 'View Projects', '1566817995', 25, '::1'),
(2755, 'View Projects', '1566817986', 25, '::1'),
(2753, 'View dashboard', '1566817982', 25, '::1'),
(2754, 'View Categories', '1566817984', 25, '::1'),
(2752, 'User Logged In : [sdnarola sd , sd@narola.email]', '1566817982', 25, '::1'),
(2750, 'View dashboard', '1566817973', 20, '::1'),
(2751, 'User Logged Out : [Shivani  Nagoria , sna@narola.email]', '1566817975', 20, '::1'),
(2749, 'User Logged In : [Shivani  Nagoria , sna@narola.email]', '1566817973', 20, '::1'),
(2747, 'View dashboard', '1566817969', 20, '::1'),
(2748, 'User Logged Out : [Shivani  Nagoria , sna@narola.email]', '1566817971', 20, '::1'),
(2746, 'User Logged In : [Shivani  Nagoria , sna@narola.email]', '1566817969', 20, '::1'),
(2745, 'Failed Login Attempt : [ Shivani  Nagoria , sna@narola.email ]', '1566817964', 20, '::1'),
(2744, 'Shivani  Nagoria Reset Password', '1566817872', 20, '::1'),
(2743, 'Shivani  Nagoria request for forgot Password', '1566817808', 20, '::1'),
(2742, 'Shivani  Nagoria Reset Password', '1566817744', 20, '::1'),
(2741, 'View dashboard', '1566817401', 20, '::1'),
(2740, 'User Logged In : [Shivani  Nagoria , sna@narola.email]', '1566817401', 20, '::1'),
(2739, 'User Logged Out : [sdnarola sd , sd@narola.email]', '1566816918', 25, '::1'),
(2737, 'View Categories', '1566816909', 25, '::1'),
(2738, 'View Categories', '1566816911', 25, '::1'),
(2736, 'View Categories', '1566816901', 25, '::1'),
(2735, 'View Projects', '1566816433', 25, '::1'),
(2734, 'User Logged In : [sdnarola sd , sd@narola.email]', '1566816433', 25, '::1'),
(2732, 'View Roles', '1566815123', 20, '::1'),
(2733, 'Failed Login Attempt [ Unknown Access ]', '1566816427', NULL, '::1'),
(2731, 'View Categories', '1566815122', 20, '::1'),
(2729, 'View dashboard', '1566815116', 20, '::1'),
(2730, 'View Projects', '1566815120', 20, '::1'),
(2728, 'User Logged In : [Shivani  Nagoria , sna@narola.email]', '1566815116', 20, '::1'),
(2727, 'Failed Login Attempt [ Unknown Access ]', '1566815107', NULL, '::1'),
(2725, 'View Projects', '1566815087', 25, '::1'),
(2726, 'User Logged Out : [sdnarola sd , sd@narola.email]', '1566815098', 25, '::1'),
(2724, 'View Projects', '1566815086', 25, '::1'),
(2722, 'View Projects', '1566815082', 25, '::1'),
(2723, 'View Categories', '1566815083', 25, '::1'),
(2721, 'View Categories', '1566814967', 25, '::1'),
(2719, 'View Projects', '1566814839', 25, '::1'),
(2720, 'View Categories', '1566814840', 25, '::1'),
(2718, 'View dashboard', '1566814837', 25, '::1'),
(2716, 'View Projects', '1566814833', 25, '::1'),
(2717, 'View Categories', '1566814834', 25, '::1'),
(2715, 'View Categories', '1566814830', 25, '::1'),
(2713, 'View dashboard', '1566814825', 25, '::1'),
(2714, 'View Projects', '1566814830', 25, '::1'),
(2712, 'User Logged In : [sdnarola sd , sd@narola.email]', '1566814825', 25, '::1'),
(2711, 'Shivani  Nagoria request for forgot Password', '1566814455', 20, '::1'),
(2710, 'Shivani  Nagoria request for forgot Password', '1566814365', 20, '::1'),
(2709, 'Shivani  Nagoria request for forgot Password', '1566814362', 20, '::1'),
(2708, 'Shivani  Nagoria request for forgot Password', '1566814357', 20, '::1'),
(2707, ' Unknown Access', '1566814352', NULL, '::1'),
(2705, ' Unknown Access', '1566814348', NULL, '::1'),
(2706, 'Failed forgot Password request [ Unknown Access ]', '1566814352', NULL, '::1'),
(2704, 'Failed forgot Password request [ Unknown Access ]', '1566814348', NULL, '::1'),
(2703, 'Shivani  Nagoria request for forgot Password', '1566812950', 20, '::1'),
(2702, 'Shivani  Nagoria request for forgot Password', '1566812918', 20, '::1'),
(2701, ' Unknown Access', '1566812914', NULL, '::1'),
(2700, 'Failed forgot Password request [ Unknown Access ]', '1566812914', NULL, '::1'),
(2699, ' Unknown Access', '1566812889', NULL, '::1'),
(2697, ' Unknown Access', '1566812869', NULL, '::1'),
(2698, 'Failed forgot Password request [ Unknown Access ]', '1566812889', NULL, '::1'),
(2696, 'Failed forgot Password request [ Unknown Access ]', '1566812869', NULL, '::1'),
(2695, ' Unknown Access', '1566812837', NULL, '::1'),
(2693, ' Unknown Access', '1566812779', NULL, '::1'),
(2694, 'Failed forgot Password request [ Unknown Access ]', '1566812837', NULL, '::1'),
(2692, 'Failed forgot Password request [ Unknown Access ]', '1566812779', NULL, '::1'),
(2691, ' Unknown Access', '1566812776', NULL, '::1'),
(2690, 'Failed forgot Password request [ Unknown Access ]', '1566812776', NULL, '::1'),
(2689, ' Unknown Access', '1566812644', NULL, '::1'),
(2688, 'Failed forgot Password request [ Unknown Access ]', '1566812644', NULL, '::1'),
(2687, ' Unknown Access', '1566812624', NULL, '::1'),
(2686, 'Failed forgot Password request [ Unknown Access ]', '1566812624', NULL, '::1'),
(2685, 'Shivani  Nagoria request for forgot Password', '1566812238', 20, '::1'),
(2684, 'Shivani  Nagoria request for forgot Password', '1566812197', 20, '::1'),
(2683, 'Shivani  Nagoria request for forgot Password', '1566812152', 20, '::1'),
(2682, 'Shivani  Nagoria request for forgot Password', '1566812071', 20, '::1'),
(2681, 'Shivani  Nagoria Reset Password', '1566811723', 20, '::1'),
(2680, 'Shivani  Nagoria request for forgot Password', '1566811683', 20, '::1'),
(2679, 'Shivani  Nagoria request for forgot Password', '1566811583', 20, '::1'),
(2678, 'Shivani  Nagoria request for forgot Password', '1566811506', 20, '::1'),
(2677, 'Shivani  Nagoria request for forgot Password', '1566811478', 20, '::1'),
(2676, 'Shivani  Nagoria request for forgot Password', '1566811462', 20, '::1'),
(2675, 'Shivani  Nagoria request for forgot Password', '1566811449', 20, '::1'),
(2674, 'Shivani  Nagoria request for forgot Password', '1566811428', 20, '::1'),
(2673, 'Shivani  Nagoria request for forgot Password', '1566811378', 20, '::1'),
(2672, 'Shivani  Nagoria request for forgot Password', '1566810936', 20, '::1'),
(2671, 'Shivani  Nagoria request for forgot Password', '1566810912', 20, '::1'),
(2670, 'Shivani  Nagoria request for forgot Password', '1566810835', 20, '::1'),
(2669, 'Shivani  Nagoria request for forgot Password', '1566810791', 20, '::1'),
(2668, 'sdnarola sd request for forgot Password', '1566810768', 25, '::1'),
(2667, 'Shivani  Nagoria request for forgot Password', '1566810646', 20, '::1'),
(2666, 'Shivani  Nagoria request for forgot Password', '1566810565', 20, '::1'),
(2665, 'Shivani  Nagoria request for forgot Password', '1566810376', 20, '::1'),
(2664, 'Shivani  Nagoria request for forgot Password', '1566810333', 20, '::1'),
(2663, 'Shivani  Nagoria request for forgot Password', '1566810233', 20, '::1'),
(2662, 'Shivani  Nagoria request for forgot Password', '1566809957', 20, '::1'),
(2661, 'Shivani  Nagoria request for forgot Password', '1566809846', 20, '::1'),
(2660, 'Shivani  Nagoria request for forgot Password', '1566809834', 20, '::1'),
(2659, 'Shivani  Nagoria request for forgot Password', '1566809825', 20, '::1'),
(2658, 'Shivani  Nagoria request for forgot Password', '1566809773', 20, '::1'),
(2657, 'Shivani  Nagoria request for forgot Password', '1566809693', 20, '::1'),
(2656, 'Shivani  Nagoria request for forgot Password', '1566809593', 20, '::1'),
(2655, 'Shivani  Nagoria request for forgot Password', '1566809351', 20, '::1'),
(2654, 'Shivani  Nagoria request for forgot Password', '1566809309', 20, '::1'),
(2653, 'Shivani  Nagoria request for forgot Password', '1566809265', 20, '::1'),
(2652, 'Shivani  Nagoria request for forgot Password', '1566808852', 20, '::1'),
(2651, 'Shivani  Nagoria request for forgot Password', '1566808822', 20, '::1'),
(2650, 'Shivani  Nagoria request for forgot Password', '1566808803', 20, '::1'),
(2649, 'Shivani  Nagoria request for forgot Password', '1566804761', 20, '::1'),
(2648, 'Shivani  Nagoria request for forgot Password', '1566804721', 20, '::1'),
(2647, 'Shivani  Nagoria request for forgot Password', '1566804708', 20, '::1'),
(2646, 'Shivani  Nagoria request for forgot Password', '1566804674', 20, '::1'),
(2645, 'Shivani  Nagoria request for forgot Password', '1566804654', 20, '::1'),
(2644, 'Shivani  Nagoria request for forgot Password', '1566804407', 20, '::1'),
(2643, 'Shivani  Nagoria request for forgot Password', '1566804396', 20, '::1'),
(2642, 'Shivani  Nagoria request for forgot Password', '1566804386', 20, '::1'),
(2641, 'Shivani  Nagoria request for forgot Password', '1566804371', 20, '::1'),
(2640, 'Shivani  Nagoria request for forgot Password', '1566804361', 20, '::1'),
(2639, 'Shivani  Nagoria request for forgot Password', '1566803863', 20, '::1'),
(2638, 'Shivani  Nagoria request for forgot Password', '1566803851', 20, '::1'),
(2637, 'Shivani  Nagoria request for forgot Password', '1566803838', 20, '::1'),
(2636, 'Shivani  Nagoria request for forgot Password', '1566803833', 20, '::1'),
(2635, 'Shivani  Nagoria request for forgot Password', '1566803820', 20, '::1'),
(2634, 'Shivani  Nagoria request for forgot Password', '1566803810', 20, '::1'),
(2633, 'Shivani  Nagoria request for forgot Password', '1566803705', 20, '::1'),
(2632, 'Shivani  Nagoria request for forgot Password', '1566803695', 20, '::1'),
(2631, 'Shivani  Nagoria request for forgot Password', '1566803665', 20, '::1'),
(2630, 'Shivani  Nagoria request for forgot Password', '1566803649', 20, '::1'),
(2629, 'Shivani  Nagoria request for forgot Password', '1566803582', 20, '::1'),
(2628, 'Shivani  Nagoria request for forgot Password', '1566803450', 20, '::1'),
(2627, 'Shivani  Nagoria request for forgot Password', '1566803314', 20, '::1'),
(2626, 'Shivani  Nagoria request for forgot Password', '1566803162', 20, '::1'),
(2625, 'Shivani  Nagoria request for forgot Password', '1566803141', 20, '::1'),
(2624, 'Shivani  Nagoria request for forgot Password', '1566803138', 20, '::1'),
(2623, 'Shivani  Nagoria request for forgot Password', '1566803027', 20, '::1'),
(2622, 'Shivani  Nagoria request for forgot Password', '1566803019', 20, '::1'),
(2621, 'Shivani  Nagoria request for forgot Password', '1566802977', 20, '::1'),
(2620, 'Shivani  Nagoria request for forgot Password', '1566802958', 20, '::1'),
(2619, 'Shivani  Nagoria request for forgot Password', '1566802872', 20, '::1'),
(2618, 'Shivani  Nagoria request for forgot Password', '1566802840', 20, '::1'),
(2617, 'Shivani  Nagoria request for forgot Password', '1566802797', 20, '::1'),
(2616, 'Shivani  Nagoria request for forgot Password', '1566802441', 20, '::1'),
(2615, 'Shivani  Nagoria request for forgot Password', '1566802408', 20, '::1'),
(2614, 'Shivani  Nagoria request for forgot Password', '1566802391', 20, '::1'),
(2613, 'Shivani  Nagoria request for forgot Password', '1566801389', 20, '::1'),
(2612, 'User Logged Out : [Shivani  Nagoria , sna@narola.email]', '1566801378', 20, '::1'),
(2611, 'View dashboard', '1566801336', 20, '::1'),
(2610, 'User Logged In : [Shivani  Nagoria , sna@narola.email]', '1566801335', 20, '::1'),
(2609, 'Shivani  Nagoria request for forgot Password', '1566800077', 20, '::1'),
(2608, 'Shivani  Nagoria request for forgot Password', '1566799963', 20, '::1'),
(2607, 'Shivani  Nagoria request for forgot Password', '1566799185', 20, '::1'),
(2606, 'Shivani  Nagoria request for forgot Password', '1566798950', 20, '::1'),
(2605, 'Shivani  Nagoria request for forgot Password', '1566798916', 20, '::1'),
(2604, 'Shivani  Nagoria request for forgot Password', '1566798867', 20, '::1'),
(2603, 'Shivani  Nagoria request for forgot Password', '1566798705', 20, '::1'),
(2602, 'User Logged Out : [Shivani  Nagoria , sna@narola.email]', '1566798699', 20, '::1'),
(2601, 'View Projects', '1566798696', 20, '::1'),
(2600, 'View dashboard', '1566798685', 20, '::1'),
(2599, 'User Logged In : [Shivani  Nagoria , sna@narola.email]', '1566798684', 20, '::1'),
(2598, 'User Logged In : [Shivani  Nagoria , sna@narola.email]', '1566797376', 20, '::1'),
(2597, ' Unknown Access', '1566794722', NULL, '::1'),
(2596, ' [ Unknown Access ]', '1566794722', NULL, '::1'),
(2595, 'Failed Login Attempt : [ Shivani  Nagoria , sna@narola.email ]', '1566794478', 20, '::1'),
(2594, 'Failed Login Attempt [ Unknown Access ]', '1566794468', NULL, '::1'),
(2593, 'Failed Login Attempt [ Unknown Access ]', '1566794414', NULL, '::1'),
(2592, 'User Logged Out : [Shivani  Nagoria , sna@narola.email]', '1566794399', 20, '::1'),
(2591, 'User activated [ID:25]', '1566794185', 20, '::1'),
(2589, 'View Categories', '1566793475', 20, '::1'),
(2590, 'View dashboard', '1566793476', 20, '::1'),
(2588, 'View Projects', '1566793474', 20, '::1'),
(2586, 'View Projects', '1566793465', 20, '::1'),
(2587, 'View dashboard', '1566793468', 20, '::1'),
(2585, 'View Categories', '1566793465', 20, '::1'),
(2583, 'View dashboard', '1566793460', 20, '::1'),
(2584, 'View Roles', '1566793464', 20, '::1'),
(2582, 'View Roles', '1566793458', 20, '::1'),
(2581, 'View dashboard', '1566793415', 20, '::1'),
(2580, 'User Logged In : [Shivani  Nagoria , sna@narola.email]', '1566793415', 20, '::1'),
(2579, 'User Logged Out : [Shivani  Nagoria , sna@narola.email]', '1566793409', 20, '::1'),
(2577, 'View Categories', '1566793407', 20, '::1'),
(2578, 'View Projects', '1566793408', 20, '::1'),
(2575, 'View Roles', '1566792843', 20, '::1'),
(2576, 'View Roles', '1566793407', 20, '::1'),
(2574, 'View Categories', '1566792842', 20, '::1'),
(2572, 'View Projects', '1566792684', 20, '::1'),
(2573, 'View Categories', '1566792839', 20, '::1'),
(2571, 'View Roles', '1566792683', 20, '::1'),
(2569, 'View Projects', '1566792681', 20, '::1'),
(2570, 'View Categories', '1566792682', 20, '::1'),
(2568, 'View dashboard', '1566792674', 20, '::1'),
(2566, 'View dashboard', '1566792662', 20, '::1'),
(2567, 'View dashboard', '1566792667', 20, '::1'),
(2565, 'View dashboard', '1566792655', 20, '::1'),
(2563, 'View dashboard', '1566792624', 20, '::1'),
(2564, 'View dashboard', '1566792641', 20, '::1'),
(2562, 'View dashboard', '1566792590', 20, '::1'),
(2560, 'Error Role Deleted [ID:4]', '1566792560', 20, '::1'),
(2561, 'Error Role Deleted [ID:4]', '1566792566', 20, '::1'),
(2558, 'View Projects', '1566792552', 20, '::1'),
(2559, 'View Roles', '1566792555', 20, '::1'),
(2557, 'View Categories', '1566792550', 20, '::1'),
(2555, 'View Roles', '1566792544', 20, '::1'),
(2556, 'View Categories', '1566792548', 20, '::1'),
(2554, 'View dashboard', '1566792377', 20, '::1'),
(2553, 'View dashboard', '1566792375', 20, '::1'),
(2552, 'User Logged In : [Shivani  Nagoria , sna@narola.email]', '1566792374', 20, '::1'),
(2551, 'User Logged Out : [Shivani  Nagoria , sna@narola.email]', '1566565319', 20, '::1'),
(2549, 'Role Updated[ID:1] ', '1566559641', 20, '::1'),
(2550, 'View Roles', '1566559641', 20, '::1'),
(2548, 'View Roles', '1566559633', 20, '::1'),
(2546, 'View Roles', '1566557177', 20, '::1'),
(2547, 'Error Role Deleted [ID:4]', '1566557180', 20, '::1'),
(2545, 'View Categories', '1566557171', 20, '::1'),
(2543, 'Role Updated[ID:3] ', '1566557167', 20, '::1'),
(2544, 'View Roles', '1566557168', 20, '::1'),
(2542, 'View Roles', '1566556976', 20, '::1'),
(2540, 'View Roles', '1566556967', 20, '::1'),
(2541, 'Role Updated[ID:11] ', '1566556976', 20, '::1'),
(2538, 'View Roles', '1566556959', 20, '::1'),
(2539, 'View Roles', '1566556960', 20, '::1'),
(2536, 'View Roles', '1566556107', 20, '::1'),
(2537, 'View Roles', '1566556189', 20, '::1'),
(2535, 'View Roles', '1566556104', 20, '::1'),
(2533, 'View Categories', '1566555928', 20, '::1'),
(2534, 'View Categories', '1566556101', 20, '::1'),
(2532, 'View Roles', '1566555926', 20, '::1'),
(2530, 'View Categories', '1566555537', 20, '::1'),
(2531, 'View Projects', '1566555537', 20, '::1'),
(2529, 'View Roles', '1566555536', 20, '::1'),
(2527, 'View Roles', '1566554725', 20, '::1'),
(2528, 'View Categories', '1566555535', 20, '::1'),
(2526, 'View Roles', '1566554673', 20, '::1'),
(2524, 'View Categories', '1566554434', 20, '::1'),
(2525, 'View Projects', '1566554435', 20, '::1'),
(2522, 'View Roles', '1566551546', 20, '::1'),
(2523, 'View Roles', '1566551624', 20, '::1'),
(2521, 'View Projects', '1566551220', 20, '::1'),
(2519, 'View Categories', '1566551219', 20, '::1'),
(2520, 'View Projects', '1566551219', 20, '::1'),
(2518, 'View Roles', '1566551218', 20, '::1'),
(2516, 'View Projects', '1566551216', 20, '::1'),
(2517, 'View Categories', '1566551217', 20, '::1'),
(2515, 'View Projects', '1566551211', 20, '::1'),
(2513, 'View Roles', '1566551002', 20, '::1'),
(2514, 'View Categories', '1566551210', 20, '::1'),
(2511, 'View Roles', '1566549955', 20, '::1'),
(2512, 'View Roles', '1566550067', 20, '::1'),
(2509, 'View Roles', '1566549528', 20, '::1'),
(2510, 'View Roles', '1566549894', 20, '::1'),
(2508, 'View Categories', '1566549526', 20, '::1'),
(2506, 'View dashboard', '1566549442', 20, '::1'),
(2507, 'View Roles', '1566549444', 20, '::1'),
(2505, 'User Logged In : [Shivani  Nagoria , sna@narola.email]', '1566549442', 20, '::1'),
(2504, 'User Logged Out : [Shivani  Nagoria , sna@narola.email]', '1566545732', 20, '::1'),
(2502, 'View Categories', '1566545556', 20, '::1'),
(2503, 'View Projects', '1566545568', 20, '::1'),
(2501, 'View Roles', '1566545548', 20, '::1'),
(2499, 'View Categories', '1566545529', 20, '::1'),
(2500, 'View Roles', '1566545530', 20, '::1'),
(2497, 'View Categories', '1566545340', 20, '::1'),
(2498, 'View Projects', '1566545523', 20, '::1'),
(2496, 'View Categories', '1566545333', 20, '::1'),
(2495, 'View Categories', '1566545202', 20, '::1'),
(2493, 'View Roles', '1566544308', 20, '::1'),
(2494, 'View Projects', '1566545200', 20, '::1'),
(2492, 'View Roles', '1566544213', 20, '::1'),
(2490, 'View Roles', '1566544206', 20, '::1'),
(2491, 'Role Updated[ID:1] ', '1566544213', 20, '::1'),
(2489, 'Role Updated[ID:1] ', '1566544205', 20, '::1'),
(2488, 'View Roles', '1566544113', 20, '::1'),
(2486, 'View Roles', '1566544005', 20, '::1'),
(2487, 'View Categories', '1566544018', 20, '::1'),
(2485, 'View Categories', '1566543990', 20, '::1'),
(2483, 'View Projects', '1566543985', 20, '::1'),
(2484, 'View Projects', '1566543988', 20, '::1'),
(2482, 'View Roles', '1566543816', 20, '::1'),
(2480, 'View Roles', '1566543799', 20, '::1'),
(2481, 'View Roles', '1566543801', 20, '::1'),
(2479, 'View Roles', '1566543792', 20, '::1'),
(2477, 'View Roles', '1566543780', 20, '::1'),
(2478, 'Error Role Deleted [ID:4]', '1566543784', 20, '::1'),
(2476, 'Role Deleted [ID:10]', '1566543758', 20, '::1'),
(2475, 'Error Role Deleted [ID:4]', '1566543749', 20, '::1'),
(2473, 'View Roles', '1566543681', 20, '::1'),
(2474, 'View Roles', '1566543740', 20, '::1'),
(2472, 'View Roles', '1566543679', 20, '::1'),
(2470, 'View Roles', '1566543671', 20, '::1'),
(2471, 'View Roles', '1566543674', 20, '::1'),
(2469, 'Error Role Deleted [ID:3]', '1566543300', 20, '::1'),
(2468, 'View Roles', '1566543286', 20, '::1'),
(2466, 'View Roles', '1566543237', 20, '::1'),
(2467, 'View Roles', '1566543244', 20, '::1'),
(2465, 'View Roles', '1566543197', 20, '::1'),
(2463, 'View Roles', '1566542295', 20, '::1'),
(2464, 'View Roles', '1566543191', 20, '::1'),
(2462, 'sdnarola sd request for forgot Password', '1566542251', 25, '::1'),
(2461, 'Inactive User Attempt: [ sdnarola sd , sd@narola.email ]', '1566542237', 25, '::1'),
(2460, 'Inactive User Attempt: [ sdnarola sd , sd@narola.email ]', '1566542231', 25, '::1'),
(2458, 'View Roles', '1566542159', 20, '::1'),
(2459, 'Inactive User Attempt: [ sdnarola sd , sd@narola.email ]', '1566542215', 25, '::1'),
(2457, 'View Projects', '1566542156', 20, '::1'),
(2456, 'View Categories', '1566542156', 20, '::1'),
(2454, 'View Categories', '1566542154', 20, '::1'),
(2455, 'View Roles', '1566542155', 20, '::1'),
(2452, 'View Roles', '1566540842', 20, '::1'),
(2453, 'View Projects', '1566542152', 20, '::1'),
(2451, 'View Roles', '1566540336', 20, '::1'),
(2450, 'View Roles', '1566538967', 20, '::1'),
(2449, 'View Roles', '1566538830', 20, '::1'),
(2448, 'View Roles', '1566538826', 20, '::1'),
(2447, 'Inactive User Attempt: [ sdnarola sd , sd@narola.email ]', '1566537809', 25, '::1'),
(2446, 'Inactive User Attempt: [   , sd@narola.email ]', '1566537767', 25, '::1'),
(2445, 'Failed Login Attempt : [   , sd@narola.email ]', '1566537729', 25, '::1'),
(2444, 'User deactivated [ID:25]', '1566537708', 20, '::1'),
(2443, 'User Logged Out : [sdnarola sd , sd@narola.email]', '1566537530', 25, '::1'),
(2442, 'View dashboard', '1566537493', 25, '::1'),
(2441, 'User Logged In : [sdnarola sd , sd@narola.email]', '1566537493', 25, '::1'),
(2440, 'User : [sdnarola sd , sd@narola.email]', '1566537492', 25, '::1'),
(2439, 'View dashboard', '1566537433', 25, '::1'),
(2438, 'User : [sdnarola sd , sd@narola.email]', '1566537433', 25, '::1'),
(2437, 'User activated [ID:25]', '1566537428', 20, '::1'),
(2436, 'View dashboard', '1566537396', 20, '::1'),
(2435, 'User : [Shivani  Nagoria , sna@narola.email]', '1566537396', 20, '::1'),
(2434, 'User : [Shivani  Nagoria , sna@narola.email]', '1566537391', 20, '::1'),
(2433, 'User : [  , sna@narola.email]', '1566537391', 20, '::1'),
(2432, 'Failed Login Attempt : [   , sd@narola.email ]', '1566537071', 25, '::1'),
(2431, 'View Roles', '1566537061', 20, '::1'),
(2430, 'View Roles', '1566537060', 20, '::1'),
(2429, 'View Categories', '1566537059', 20, '::1'),
(2428, 'View Categories', '1566537055', 20, '::1'),
(2427, 'View Categories', '1566536959', 20, '::1'),
(2426, 'View Categories', '1566536957', 20, '::1'),
(2425, 'Failed Login Attempt : [   , sd@narola.email ]', '1566536902', 25, '::1'),
(2424, 'Failed Login Attempt Unknown Access', '1566536893', NULL, '::1'),
(2423, 'Failed Login Attempt Unknown Access', '1566536887', NULL, '::1'),
(2422, 'User deactivated [ID:25]', '1566536882', 20, '::1'),
(2421, 'Failed Login Attempt Unknown Access', '1566536769', NULL, '::1'),
(2044, 'View Projects', '1566390122', 20, '::1'),
(2045, 'View Projects', '1566390278', 20, '::1'),
(2046, 'View Projects', '1566390279', 20, '::1'),
(2047, 'View Projects', '1566390281', 20, '::1'),
(2048, 'User Deleted [ID:33]', '1566390461', 20, '::1'),
(2049, 'User Deleted [ID:32]', '1566390464', 20, '::1'),
(2050, 'User Logged In : [Shivani  Nagoria , sna@narola.email]', '1566446136', 20, '::1'),
(2051, 'View dashboard', '1566446139', 20, '::1'),
(2052, 'View Categories', '1566446597', 20, '::1'),
(2053, 'View Projects', '1566446600', 20, '::1'),
(2054, 'View Projects', '1566446712', 20, '::1'),
(2055, 'View Categories', '1566446713', 20, '::1'),
(2056, 'View Roles', '1566446713', 20, '::1'),
(2057, 'User Logged Out : [Shivani  Nagoria,sna@narola.email]', '1566446714', 20, '::1'),
(2058, 'User Logged In : [Shivani  Nagoria , sna@narola.email]', '1566446719', 20, '::1'),
(2059, 'View dashboard', '1566446719', 20, '::1'),
(2060, 'View Projects', '1566446806', 20, '::1'),
(2061, 'View Categories', '1566446806', 20, '::1'),
(2062, 'View Projects', '1566446808', 20, '::1'),
(2063, 'View Categories', '1566446808', 20, '::1'),
(2064, 'View Categories', '1566446809', 20, '::1'),
(2065, 'View Roles', '1566446809', 20, '::1'),
(2066, 'View Categories', '1566446870', 20, '::1'),
(2067, 'View Projects', '1566446872', 20, '::1'),
(2068, 'View dashboard', '1566446873', 20, '::1'),
(2069, 'View Roles', '1566446875', 20, '::1'),
(2070, 'View Projects', '1566446958', 20, '::1'),
(2071, 'View Projects', '1566446970', 20, '::1'),
(2072, 'View Projects', '1566446971', 20, '::1'),
(2073, 'View Projects', '1566446972', 20, '::1'),
(2074, 'View Projects', '1566446975', 20, '::1'),
(2075, 'View Projects', '1566446986', 20, '::1'),
(2076, 'View Projects', '1566446990', 20, '::1'),
(2077, 'View Projects', '1566446992', 20, '::1'),
(2078, 'View Projects', '1566446996', 20, '::1'),
(2079, 'View Projects', '1566447000', 20, '::1'),
(2080, 'View Projects', '1566447001', 20, '::1'),
(2081, 'View Projects', '1566447002', 20, '::1'),
(2082, 'View Projects', '1566447003', 20, '::1'),
(2083, 'View Projects', '1566447004', 20, '::1'),
(2084, 'View Projects', '1566447008', 20, '::1'),
(2085, 'View Projects', '1566447010', 20, '::1'),
(2086, 'View Projects', '1566447024', 20, '::1'),
(2087, 'View Projects', '1566447029', 20, '::1'),
(2088, 'View Projects', '1566447036', 20, '::1'),
(2089, 'View Projects', '1566447039', 20, '::1'),
(2090, 'View Projects', '1566447040', 20, '::1'),
(2091, 'View Projects', '1566447040', 20, '::1'),
(2092, 'View Projects', '1566447040', 20, '::1'),
(2093, 'View Projects', '1566447044', 20, '::1'),
(2094, 'View Projects', '1566447051', 20, '::1'),
(2095, 'View Projects', '1566447053', 20, '::1'),
(2096, 'View Projects', '1566447054', 20, '::1'),
(2097, 'View Projects', '1566447056', 20, '::1'),
(2098, 'View Projects', '1566447063', 20, '::1'),
(2099, 'View Projects', '1566447070', 20, '::1'),
(2100, 'View Projects', '1566447075', 20, '::1'),
(2101, 'View Projects', '1566447109', 20, '::1'),
(2102, 'View Projects', '1566447110', 20, '::1'),
(2103, 'View Projects', '1566447119', 20, '::1'),
(2104, 'View Projects', '1566447124', 20, '::1'),
(2105, 'View Projects', '1566447128', 20, '::1'),
(2106, 'View Projects', '1566447163', 20, '::1'),
(2107, 'View Projects', '1566447174', 20, '::1'),
(2108, 'View Projects', '1566447175', 20, '::1'),
(2109, 'View Projects', '1566447176', 20, '::1'),
(2110, 'View Projects', '1566447177', 20, '::1'),
(2111, 'View Categories', '1566447186', 20, '::1'),
(2112, 'View Projects', '1566447198', 20, '::1'),
(2113, 'View Categories', '1566447200', 20, '::1'),
(2114, 'View Categories', '1566447212', 20, '::1'),
(2115, 'View Categories', '1566447213', 20, '::1'),
(2116, 'View Categories', '1566447214', 20, '::1'),
(2117, 'View Categories', '1566447214', 20, '::1'),
(2118, 'View Categories', '1566447215', 20, '::1'),
(2119, 'View Categories', '1566447216', 20, '::1'),
(2120, 'View Categories', '1566447965', 20, '::1'),
(2121, 'View Categories', '1566447978', 20, '::1'),
(2122, 'User Added[ID:6] ', '1566447986', 20, '::1'),
(2123, 'View Categories', '1566447986', 20, '::1'),
(2124, 'User Added[ID:7] ', '1566447990', 20, '::1'),
(2125, 'View Categories', '1566447990', 20, '::1'),
(2126, 'User Added[ID:8] ', '1566447995', 20, '::1'),
(2127, 'View Categories', '1566447995', 20, '::1'),
(2128, 'User Added[ID:9] ', '1566447999', 20, '::1'),
(2129, 'View Categories', '1566448000', 20, '::1'),
(2130, 'View Categories', '1566448003', 20, '::1'),
(2131, 'View Categories', '1566448006', 20, '::1'),
(2132, 'View Projects', '1566448008', 20, '::1'),
(2133, 'View Categories', '1566448013', 20, '::1'),
(2134, 'View Projects', '1566448060', 20, '::1'),
(2135, 'View Categories', '1566448061', 20, '::1'),
(2136, 'View Projects', '1566448068', 20, '::1'),
(2137, 'View Projects', '1566448073', 20, '::1'),
(2138, 'View Projects', '1566448074', 20, '::1'),
(2139, 'View Categories', '1566448136', 20, '::1'),
(2140, 'View Categories', '1566448140', 20, '::1'),
(2141, 'View Categories', '1566448146', 20, '::1'),
(2142, 'View Projects', '1566448147', 20, '::1'),
(2143, 'View Projects', '1566448148', 20, '::1'),
(2144, 'View Categories', '1566448150', 20, '::1'),
(2145, 'View Categories', '1566448151', 20, '::1'),
(2146, 'View Categories', '1566448152', 20, '::1'),
(2147, 'View Categories', '1566448154', 20, '::1'),
(2148, 'View Categories', '1566448163', 20, '::1'),
(2149, 'View Categories', '1566448187', 20, '::1'),
(2150, 'View Categories', '1566448189', 20, '::1'),
(2151, 'View Categories', '1566448191', 20, '::1'),
(2152, 'View Categories', '1566448194', 20, '::1'),
(2153, 'View Categories', '1566448195', 20, '::1'),
(2154, 'View Projects', '1566448198', 20, '::1'),
(2155, 'View Projects', '1566448206', 20, '::1'),
(2156, 'View Categories', '1566448207', 20, '::1'),
(2157, 'View Categories', '1566448236', 20, '::1'),
(2158, 'View Categories', '1566448241', 20, '::1'),
(2159, 'View Projects', '1566448700', 20, '::1'),
(2160, 'View Roles', '1566448701', 20, '::1'),
(2161, 'View Categories', '1566448702', 20, '::1'),
(2162, 'View Categories', '1566448703', 20, '::1'),
(2163, 'View Roles', '1566448704', 20, '::1'),
(2164, 'View Roles', '1566448713', 20, '::1'),
(2165, 'View Roles', '1566448715', 20, '::1'),
(2166, 'View Roles', '1566448717', 20, '::1'),
(2167, 'View Roles', '1566448730', 20, '::1'),
(2168, 'View Roles', '1566448735', 20, '::1'),
(2169, 'View Roles', '1566448738', 20, '::1'),
(2170, 'View Roles', '1566448740', 20, '::1'),
(2171, 'View Roles', '1566448742', 20, '::1'),
(2172, 'View Roles', '1566448743', 20, '::1'),
(2173, 'View Roles', '1566448769', 20, '::1'),
(2174, 'View Projects', '1566448799', 20, '::1'),
(2175, 'View Categories', '1566448808', 20, '::1'),
(2176, 'View Roles', '1566448816', 20, '::1'),
(2177, 'View Roles', '1566448896', 20, '::1'),
(2178, 'View Roles', '1566448924', 20, '::1'),
(2179, 'View Roles', '1566448962', 20, '::1'),
(2180, 'User Status Updated [ID:24]', '1566449262', 20, '::1'),
(2181, 'User Status Updated [ID:24]', '1566449274', 20, '::1'),
(2182, 'View Categories', '1566449355', 20, '::1'),
(2183, 'View Projects', '1566449473', 20, '::1'),
(2184, 'View Categories', '1566449480', 20, '::1'),
(2185, 'View Roles', '1566449487', 20, '::1'),
(2186, 'View Roles', '1566449509', 20, '::1'),
(2187, 'User Logged Out : [Shivani  Nagoria,sna@narola.email]', '1566449524', 20, '::1'),
(2188, 'User Logged In : [Shivani  Nagoria , sna@narola.email]', '1566449534', 20, '::1'),
(2189, 'View dashboard', '1566449534', 20, '::1'),
(2190, 'View Roles', '1566449545', 20, '::1'),
(2191, 'User Updated[ID:25] ', '1566449572', 20, '::1'),
(2192, 'User Logged Out : [Shivani  Nagoria,sna@narola.email]', '1566449578', 20, '::1'),
(2193, 'User Logged In : [sdnarola sd , sd@narola.email]', '1566449585', 25, '::1'),
(2194, 'View dashboard', '1566449585', 25, '::1'),
(2195, 'View Projects', '1566449712', 25, '::1'),
(2196, 'View Projects', '1566449809', 25, '::1'),
(2197, 'View Projects', '1566449832', 25, '::1'),
(2198, 'View Projects', '1566449954', 25, '::1'),
(2199, 'View Projects', '1566450593', 25, '::1'),
(2200, 'View Projects', '1566451256', 25, '::1'),
(2201, 'User Logged Out : [sdnarola sd,sd@narola.email]', '1566451258', 25, '::1'),
(2202, 'User Logged In : [Shivani  Nagoria , sna@narola.email]', '1566451264', 20, '::1'),
(2203, 'View dashboard', '1566451265', 20, '::1'),
(2204, 'User Logged Out : [Shivani  Nagoria,sna@narola.email]', '1566451605', 20, '::1'),
(2205, 'User Logged In : [sdnarola sd , sd@narola.email]', '1566451616', 25, '::1'),
(2206, 'View dashboard', '1566451616', 25, '::1'),
(2207, 'User Logged Out : [sdnarola sd,sd@narola.email]', '1566451677', 25, '::1'),
(2208, 'User Logged In : [Shivani  Nagoria , sna@narola.email]', '1566451683', 20, '::1'),
(2209, 'View dashboard', '1566451683', 20, '::1'),
(2210, 'View Projects', '1566452370', 20, '::1'),
(2211, 'View Roles', '1566453284', 20, '::1'),
(2212, 'View Roles', '1566453306', 20, '::1'),
(2213, 'View Roles', '1566453309', 20, '::1'),
(2214, 'View Roles', '1566453311', 20, '::1'),
(2215, 'User Status Updated [ID:28]', '1566466044', 20, '::1'),
(2216, 'User Status Updated [ID:24]', '1566466144', 20, '::1'),
(2217, 'View Projects', '1566466400', 20, '::1'),
(2218, 'View Projects', '1566466419', 20, '::1'),
(2219, 'View Projects', '1566467259', 20, '::1'),
(2220, 'View Projects', '1566467306', 20, '::1'),
(2221, 'View Projects', '1566467327', 20, '::1'),
(2222, 'View Projects', '1566467338', 20, '::1'),
(2223, 'View Projects', '1566467347', 20, '::1'),
(2224, 'View Projects', '1566467356', 20, '::1'),
(2225, 'View Projects', '1566467366', 20, '::1'),
(2226, 'View Projects', '1566467397', 20, '::1'),
(2227, 'View Projects', '1566467422', 20, '::1'),
(2228, 'View Categories', '1566468525', 20, '::1'),
(2229, 'View Projects', '1566468532', 20, '::1'),
(2230, 'View Categories', '1566468539', 20, '::1'),
(2231, 'View Categories', '1566468952', 20, '::1'),
(2232, 'View Categories', '1566469288', 20, '::1'),
(2233, 'View Categories', '1566469295', 20, '::1'),
(2234, 'View Categories', '1566469307', 20, '::1'),
(2235, 'View Categories', '1566469309', 20, '::1'),
(2236, 'View Categories', '1566469672', 20, '::1'),
(2237, 'View Categories', '1566469681', 20, '::1'),
(2238, 'View Categories', '1566469683', 20, '::1'),
(2239, 'View Categories', '1566470040', 20, '::1'),
(2240, 'View Roles', '1566470044', 20, '::1'),
(2241, 'View Categories', '1566470047', 20, '::1'),
(2242, 'View Categories', '1566470550', 20, '::1'),
(2243, 'View Roles', '1566470551', 20, '::1'),
(2244, 'View Roles', '1566470650', 20, '::1'),
(2245, 'View Roles', '1566471126', 20, '::1'),
(2246, 'User Logged In : [sdnarola sd , sd@narola.email]', '1566471156', 25, '::1'),
(2247, 'View Roles', '1566471156', 25, '::1'),
(2248, 'View Roles', '1566471160', 25, '::1'),
(2249, 'View Roles', '1566471162', 25, '::1'),
(2250, 'View Categories', '1566471163', 25, '::1'),
(2251, 'View Categories', '1566471165', 25, '::1'),
(2252, 'View Categories', '1566471166', 25, '::1'),
(2253, 'View Projects', '1566471169', 25, '::1'),
(2254, 'View Projects', '1566471171', 25, '::1'),
(2255, 'View Projects', '1566471236', 25, '::1'),
(2256, 'View Categories', '1566471238', 25, '::1'),
(2257, 'View Categories', '1566471240', 25, '::1'),
(2258, 'View Roles', '1566471242', 25, '::1'),
(2259, 'View dashboard', '1566471242', 25, '::1'),
(2260, 'View Roles', '1566472414', 20, '::1'),
(2261, 'View Roles', '1566472432', 20, '::1'),
(2262, 'View Roles', '1566472465', 20, '::1'),
(2263, 'View Roles', '1566472467', 20, '::1'),
(2264, 'View Roles', '1566472468', 20, '::1'),
(2265, 'View Roles', '1566472470', 20, '::1'),
(2266, 'View Roles', '1566472471', 20, '::1'),
(2267, 'View Roles', '1566472472', 20, '::1'),
(2268, 'View Categories', '1566472474', 20, '::1'),
(2269, 'View Projects', '1566472475', 20, '::1'),
(2270, 'View Projects', '1566472475', 20, '::1'),
(2271, 'View dashboard', '1566472476', 20, '::1'),
(2272, 'View Projects', '1566472479', 20, '::1'),
(2273, 'User Logged Out : [Shivani  Nagoria,sna@narola.email]', '1566472482', 20, '::1'),
(2274, 'User Logged In : [Shivani  Nagoria , sna@narola.email]', '1566472690', 20, '::1'),
(2275, 'View dashboard', '1566472690', 20, '::1'),
(2276, 'User Status Updated [ID:26]', '1566472737', 20, '::1'),
(2277, 'View Projects', '1566473086', 20, '::1'),
(2278, 'View Projects', '1566473096', 20, '::1'),
(2279, 'View Categories', '1566473116', 20, '::1'),
(2280, 'View Categories', '1566474419', 20, '::1'),
(2281, 'View Roles', '1566474547', 20, '::1'),
(2282, 'User Logged Out : [Shivani  Nagoria,sna@narola.email]', '1566474567', 20, '::1'),
(2283, 'User Logged In : [sdnarola sd , sd@narola.email]', '1566474584', 25, '::1'),
(2284, 'View dashboard', '1566474584', 25, '::1'),
(2285, 'User Logged Out : [sdnarola sd,sd@narola.email]', '1566474625', 25, '::1'),
(2286, 'User Logged In : [sdnarola sd , sd@narola.email]', '1566474627', 25, '::1'),
(2287, 'View dashboard', '1566474627', 25, '::1'),
(2288, 'View Projects', '1566474639', 25, '::1'),
(2289, 'sdnarola sd tried to access  projects create page without permission', '1566474648', 25, '::1'),
(2290, 'View dashboard', '1566474648', 25, '::1'),
(2291, 'View Projects', '1566474722', 25, '::1'),
(2292, 'sdnarola sd tried to access  projects create page without permission', '1566474726', 25, '::1'),
(2293, 'View dashboard', '1566474726', 25, '::1'),
(2294, 'View Projects', '1566474742', 25, '::1'),
(2295, 'View Categories', '1566474744', 25, '::1'),
(2296, 'View Roles', '1566474767', 25, '::1'),
(2297, 'View Roles', '1566474804', 25, '::1'),
(2298, 'User Logged In : [Shivani  Nagoria , sna@narola.email]', '1566474847', 20, '::1'),
(2299, 'View dashboard', '1566474847', 20, '::1'),
(2300, 'View Roles', '1566474851', 20, '::1'),
(2301, 'Role Updated[ID:3] ', '1566474867', 20, '::1'),
(2302, 'View Roles', '1566474867', 20, '::1'),
(2303, 'View Roles', '1566474871', 25, '::1'),
(2304, 'View Projects', '1566474874', 25, '::1'),
(2305, 'Role Updated[ID:3] ', '1566474886', 20, '::1'),
(2306, 'View Roles', '1566474886', 20, '::1'),
(2307, 'View Projects', '1566474889', 25, '::1'),
(2308, 'Role Updated[ID:3] ', '1566474905', 20, '::1'),
(2309, 'View Roles', '1566474905', 20, '::1'),
(2310, 'View Projects', '1566474909', 25, '::1'),
(2311, 'View Projects', '1566474953', 25, '::1'),
(2312, 'View Projects', '1566475009', 25, '::1'),
(2313, 'View Projects', '1566475028', 25, '::1'),
(2314, 'View Projects', '1566475110', 25, '::1'),
(2315, 'View Projects', '1566475132', 25, '::1'),
(2316, 'View Projects', '1566475199', 25, '::1'),
(2317, 'View Categories', '1566475206', 25, '::1'),
(2318, 'View Projects', '1566475207', 25, '::1'),
(2319, 'View Categories', '1566475214', 20, '::1'),
(2320, 'View Projects', '1566475242', 20, '::1'),
(2321, 'View Categories', '1566475250', 20, '::1'),
(2322, 'User Status Updated [ID:25]', '1566475285', 20, '::1'),
(2323, 'User Logged Out : [sdnarola sd,sd@narola.email]', '1566475311', 25, '::1'),
(2324, 'Failed Login Attempt : [ sdnarola sd , sd@narola.email ]', '1566475312', 25, '::1'),
(2325, 'Failed Login Attempt : [ sdnarola sd , sd@narola.email ]', '1566475319', 25, '::1'),
(2326, 'Failed Login Attempt : [ sdnarola sd , sd@narola.email ]', '1566475386', 25, '::1'),
(2327, 'Failed Login Attempt Unknown Access', '1566475468', NULL, '::1'),
(2328, 'Failed Login Attempt : [ sdnarola sd , sd@narola.email ]', '1566475477', 25, '::1'),
(2329, 'Failed Login Attempt : [ sdnarola sd , sd@narola.email ]', '1566475486', 25, '::1'),
(2330, 'Failed Login Attempt : [ sdnarola sd , sd@narola.email ]', '1566475534', 25, '::1'),
(2331, 'Failed Login Attempt : [ sdnarola sd , sd@narola.email ]', '1566475559', 25, '::1'),
(2332, 'Failed Login Attempt : [ sdnarola sd , sd@narola.email ]', '1566475568', 25, '::1'),
(2333, 'Failed Login Attempt : [ sdnarola sd , sd@narola.email ]', '1566475580', 25, '::1'),
(2334, 'Failed Login Attempt : [ sdnarola sd , sd@narola.email ]', '1566475604', 25, '::1'),
(2335, 'User Status Updated [ID:25]', '1566475744', 20, '::1'),
(2336, 'User Status Updated [ID:25]', '1566475745', 20, '::1'),
(2337, 'User Status Updated [ID:25]', '1566475924', NULL, '::1'),
(2338, 'User Logged In : [sdnarola sd , sd@narola.email]', '1566475927', 25, '::1'),
(2339, 'View dashboard', '1566475927', 25, '::1'),
(2340, 'View dashboard', '1566475939', 25, '::1'),
(2341, 'User Logged In : [Shivani  Nagoria , sna@narola.email]', '1566475980', 20, '::1'),
(2342, 'User Logged Out : [Shivani  Nagoria,sna@narola.email]', '1566475986', 20, '::1'),
(2343, 'User Logged In : [Shivani  Nagoria , sna@narola.email]', '1566475988', 20, '::1'),
(2344, 'View dashboard', '1566475988', 20, '::1'),
(2345, 'User Status Updated [ID:25]', '1566475992', 20, '::1'),
(2346, 'View dashboard', '1566475997', 25, '::1'),
(2347, 'User Status Updated [ID:25]', '1566476420', 20, '::1'),
(2348, 'User Status Updated [ID:25]', '1566476429', 20, '::1'),
(2349, 'User Status Updated [ID:25]', '1566476441', 20, '::1'),
(2350, 'User Logged In : [sdnarola sd , sd@narola.email]', '1566476443', 25, '::1'),
(2351, 'View Projects', '1566476443', 25, '::1'),
(2352, 'View Categories', '1566476446', 25, '::1'),
(2353, 'View Roles', '1566476450', 25, '::1'),
(2354, 'User Status Updated [ID:25]', '1566476457', 20, '::1'),
(2355, 'Failed Login Attempt : [ sdnarola sd , sd@narola.email ]', '1566476529', 25, '::1'),
(2360, 'User Logged In : [sdnarola sd , sd@narola.email]', '1566477220', 25, '::1'),
(2357, 'User deactivated [ID:23]', '1566477087', 20, '::1'),
(2358, 'User activated [ID:23]', '1566477089', 20, '::1'),
(2359, 'User activated [ID:25]', '1566477110', 20, '::1'),
(2361, 'View dashboard', '1566477220', 25, '::1'),
(2362, 'View Projects', '1566477221', 25, '::1'),
(2363, 'View Categories', '1566477224', 25, '::1'),
(2364, 'View Roles', '1566477232', 20, '::1'),
(2365, 'Role Updated[ID:3] ', '1566477238', 20, '::1'),
(2366, 'View Roles', '1566477239', 20, '::1'),
(2367, 'View Categories', '1566477242', 25, '::1'),
(2368, 'View Roles', '1566477459', 20, '::1'),
(2369, 'View Projects', '1566477514', 20, '::1'),
(2370, 'User Logged In : [Shivani  Nagoria , sna@narola.email]', '1566533248', 20, '::1'),
(2371, 'View Projects', '1566533255', 20, '::1'),
(2372, 'User Logged Out : [Shivani  Nagoria,sna@narola.email]', '1566533261', 20, '::1'),
(2373, 'User Logged In : [Shivani  Nagoria , sna@narola.email]', '1566533278', 20, '::1'),
(2374, 'View Projects', '1566533278', 20, '::1'),
(2375, 'User Logged In : [Shivani  Nagoria , sna@narola.email]', '1566533297', 20, '::1');
INSERT INTO `activity_logs` (`id`, `description`, `date`, `user_id`, `ip_address`) VALUES
(2376, 'View Categories', '1566533297', 20, '::1'),
(2377, 'View Roles', '1566533300', 20, '::1'),
(2378, 'View Categories', '1566533301', 20, '::1'),
(2379, 'View Projects', '1566533307', 20, '::1'),
(2380, 'View Projects', '1566533312', 20, '::1'),
(2381, 'View Categories', '1566533315', 20, '::1'),
(2382, 'View Projects', '1566533322', 20, '::1'),
(2383, 'View Categories', '1566533323', 20, '::1'),
(2384, 'View Roles', '1566533324', 20, '::1'),
(2385, 'View Projects', '1566533325', 20, '::1'),
(2386, 'Failed Login Attempt : [ Shivani  Nagoria , sna@narola.email ]', '1566533561', 20, '::1'),
(2387, 'User Logged In : [Shivani  Nagoria , sna@narola.email]', '1566533569', 20, '::1'),
(2388, 'View Categories', '1566533569', 20, '::1'),
(2389, 'User Logged Out : [Shivani  Nagoria,sna@narola.email]', '1566533577', 20, '::1'),
(2390, 'User Logged In : [Shivani  Nagoria , sna@narola.email]', '1566533586', 20, '::1'),
(2391, 'View Categories', '1566533586', 20, '::1'),
(2392, 'View Roles', '1566534702', 20, '::1'),
(2393, 'View Categories', '1566534703', 20, '::1'),
(2394, 'View Projects', '1566535618', 20, '::1'),
(2395, 'View Categories', '1566535620', 20, '::1'),
(2396, 'User Logged Out : [Shivani  Nagoria,sna@narola.email]', '1566535718', 20, '::1'),
(2397, 'User Logged In : [sdnarola sd , sd@narola.email]', '1566535723', 25, '::1'),
(2398, 'View dashboard', '1566535723', 25, '::1'),
(2399, 'View dashboard', '1566535728', 25, '::1'),
(2400, 'View Projects', '1566535831', 20, '::1'),
(2401, 'View Categories', '1566535833', 20, '::1'),
(2402, 'View Roles', '1566535836', 20, '::1'),
(2403, 'View Categories', '1566535868', 20, '::1'),
(2404, 'View Categories', '1566535871', 20, '::1'),
(2405, 'View Roles', '1566535872', 20, '::1'),
(2406, 'View Roles', '1566535896', 20, '::1'),
(2407, 'User deactivated [ID:25]', '1566535985', 20, '::1'),
(2408, 'User Logged Out : [sdnarola sd,sd@narola.email]', '1566535995', 25, '::1'),
(2409, 'Failed Login Attempt : [ sdnarola sd , sd@narola.email ]', '1566536126', 25, '::1'),
(2410, 'User activated [ID:25]', '1566536234', 20, '::1'),
(2411, 'User Logged In : [sdnarola sd , sd@narola.email]', '1566536240', 25, '::1'),
(2412, 'View Projects', '1566536240', 25, '::1'),
(2413, 'User Logged Out : [sdnarola sd,sd@narola.email]', '1566536251', 25, '::1'),
(2414, 'Failed Login Attempt : [ sdnarola sd , sd@narola.email ]', '1566536263', 25, '::1'),
(2415, 'Failed Login Attempt : [ sdnarola sd , sd@narola.email ]', '1566536291', 25, '::1'),
(2416, 'Failed Login Attempt : [ sdnarola sd , sd@narola.email ]', '1566536303', 25, '::1'),
(2417, 'Failed Login Attempt Unknown Access', '1566536381', NULL, '::1'),
(2418, 'Failed Login Attempt Unknown Access', '1566536695', NULL, '::1'),
(2419, 'Failed Login Attempt Unknown Access', '1566536703', NULL, '::1'),
(2420, 'Failed Login Attempt Unknown Access', '1566536752', NULL, '::1');

-- --------------------------------------------------------

--
-- Table structure for table `categories`
--

DROP TABLE IF EXISTS `categories`;
CREATE TABLE IF NOT EXISTS `categories` (
  `id` bigint(20) NOT NULL AUTO_INCREMENT,
  `name` varchar(500) NOT NULL,
  `user_id` bigint(20) NOT NULL,
  `created` varchar(500) NOT NULL,
  `updated` varchar(500) NOT NULL,
  `is_active` int(11) NOT NULL,
  `is_deleted` tinyint(4) NOT NULL,
  PRIMARY KEY (`id`)
) ENGINE=MyISAM AUTO_INCREMENT=10 DEFAULT CHARSET=latin1;

--
-- Dumping data for table `categories`
--

INSERT INTO `categories` (`id`, `name`, `user_id`, `created`, `updated`, `is_active`, `is_deleted`) VALUES
(1, 'post-create', 20, '1565352886', '1566200011', 1, 0),
(2, 'post-update', 20, '1565353465', '1566205660', 1, 0),
(4, 'AdminSite', 2, '1565413296', '', 1, 1),
(5, 'post-dlete', 20, '1566025473', '1566205669', 1, 0),
(6, 'anb', 20, '1566447986', '', 1, 0),
(7, 'asew', 20, '1566447990', '', 1, 0),
(8, 'sdfsdfs', 20, '1566447995', '', 1, 0),
(9, 'test', 20, '1566447999', '', 1, 0);

-- --------------------------------------------------------

--
-- Table structure for table `projects`
--

DROP TABLE IF EXISTS `projects`;
CREATE TABLE IF NOT EXISTS `projects` (
  `id` bigint(20) NOT NULL AUTO_INCREMENT,
  `project_id` varchar(500) NOT NULL,
  `name` varchar(500) NOT NULL,
  `details` varchar(500) DEFAULT NULL,
  `created` varchar(500) NOT NULL,
  `updated` varchar(500) NOT NULL,
  `is_deleted` tinyint(4) NOT NULL DEFAULT '0',
  PRIMARY KEY (`id`)
) ENGINE=MyISAM AUTO_INCREMENT=10 DEFAULT CHARSET=latin1;

--
-- Dumping data for table `projects`
--

INSERT INTO `projects` (`id`, `project_id`, `name`, `details`, `created`, `updated`, `is_deleted`) VALUES
(1, 'PROJECT_57', 'post-create123456', 'This project is maintenance based', '1565269268', '1565766201', 0),
(2, 'PROJECT_81', 'API Devlopment', 'New Android API', '1565324506', '1566282998', 0),
(3, 'PROJECT_35', 'post-create', 'New Android API', '1565766189', '', 0),
(4, 'PROJECT_94', 'Jemin Nagoria', 'This project is maintenance based', '1565774397', '', 0),
(8, 'PROJECT_58', 'New test', 'tsr', '1566987943', '', 0),
(5, 'PROJECT_84', 'post-create', 'This project is maintenance based', '1566369212', '', 0),
(6, 'PROJECT_62', 'yoah ', 'This project is maintenance based', '1566369241', '', 0),
(7, 'PROJECT_84', 'asAQWE', 'New Android APIW4TR4WTR43', '1566388742', '', 0),
(9, 'PROJECT_55', 'dfee', 'tsr', '1566988012', '', 1);

-- --------------------------------------------------------

--
-- Table structure for table `roles`
--

DROP TABLE IF EXISTS `roles`;
CREATE TABLE IF NOT EXISTS `roles` (
  `id` bigint(20) NOT NULL AUTO_INCREMENT,
  `name` varchar(500) NOT NULL,
  `permissions` longtext NOT NULL,
  PRIMARY KEY (`id`)
) ENGINE=MyISAM AUTO_INCREMENT=13 DEFAULT CHARSET=latin1;

--
-- Dumping data for table `roles`
--

INSERT INTO `roles` (`id`, `name`, `permissions`) VALUES
(1, 'Admin', 'a:4:{s:5:\"users\";a:4:{i:0;s:4:\"View\";i:1;s:6:\"Create\";i:2;s:4:\"Edit\";i:3;s:6:\"Delete\";}s:8:\"projects\";a:4:{i:0;s:4:\"View\";i:1;s:6:\"Create\";i:2;s:4:\"Edit\";i:3;s:6:\"Delete\";}s:10:\"categories\";a:4:{i:0;s:4:\"View\";i:1;s:6:\"Create\";i:2;s:4:\"Edit\";i:3;s:6:\"Delete\";}s:5:\"roles\";a:4:{i:0;s:4:\"View\";i:1;s:6:\"Create\";i:2;s:4:\"Edit\";i:3;s:6:\"Delete\";}}'),
(4, 'Super Admin', 'a:2:{s:5:\"users\";a:4:{i:0;s:4:\"View\";i:1;s:6:\"Create\";i:2;s:4:\"Edit\";i:3;s:6:\"Delete\";}s:8:\"projects\";a:2:{i:0;s:4:\"View\";i:1;s:6:\"Create\";}}'),
(3, 'Moderator', 'a:3:{s:5:\"users\";a:1:{i:0;s:4:\"View\";}s:8:\"projects\";a:3:{i:0;s:4:\"View\";i:1;s:4:\"Edit\";i:2;s:6:\"Delete\";}s:10:\"categories\";a:1:{i:0;s:4:\"View\";}}'),
(11, 'post-create', 'a:1:{s:5:\"users\";a:2:{i:0;s:4:\"View\";i:1;s:4:\"Edit\";}}');

-- --------------------------------------------------------

--
-- Table structure for table `settings`
--

DROP TABLE IF EXISTS `settings`;
CREATE TABLE IF NOT EXISTS `settings` (
  `id` bigint(20) NOT NULL AUTO_INCREMENT,
  `name` varchar(500) NOT NULL,
  `value` longtext NOT NULL,
  `autoload` tinyint(4) DEFAULT '1',
  PRIMARY KEY (`id`)
) ENGINE=MyISAM AUTO_INCREMENT=6 DEFAULT CHARSET=latin1;

--
-- Dumping data for table `settings`
--

INSERT INTO `settings` (`id`, `name`, `value`, `autoload`) VALUES
(1, 'company_name', 'Narola Infotech', 1),
(2, 'allowed_file_types', 'gif, png, jpg.', 1),
(3, 'date_format', 'j-M-Y', 1),
(4, 'time_format', 'h:i A', 1),
(5, 'time_zone', 'Asia/Bangkok', 1);

-- --------------------------------------------------------

--
-- Table structure for table `users`
--

DROP TABLE IF EXISTS `users`;
CREATE TABLE IF NOT EXISTS `users` (
  `id` int(11) NOT NULL AUTO_INCREMENT,
  `role` int(11) NOT NULL,
  `firstname` varchar(100) NOT NULL,
  `lastname` varchar(100) NOT NULL,
  `email` varchar(500) NOT NULL,
  `mobile_no` bigint(100) NOT NULL,
  `password` varchar(100) NOT NULL,
  `last_ip` varchar(40) NOT NULL,
  `last_login` varchar(500) DEFAULT 'Never',
  `last_password_change` varchar(500) NOT NULL,
  `auth_token` varchar(500) DEFAULT NULL,
  `is_active` int(11) NOT NULL,
  `is_deleted` tinyint(1) NOT NULL DEFAULT '0',
  PRIMARY KEY (`id`),
  UNIQUE KEY `email` (`email`)
) ENGINE=MyISAM AUTO_INCREMENT=34 DEFAULT CHARSET=latin1;

--
-- Dumping data for table `users`
--

INSERT INTO `users` (`id`, `role`, `firstname`, `lastname`, `email`, `mobile_no`, `password`, `last_ip`, `last_login`, `last_password_change`, `auth_token`, `is_active`, `is_deleted`) VALUES
(24, 1, 'Shivani ', 'Tamakuwala', 'shivani.nagoria159@gmail.com', 9727844003, '14e1b600b1fd579f47433b88e8d85291', '::1', '1565700576', '', NULL, 0, 0),
(23, 1, 'Jemin', 'Tmakuwala', 'jemin@gmail.com1234', 9727844003, '2a810c88e3cb947e85bbab2728102f0d', '', 'Never', '', NULL, 1, 0),
(25, 3, 'sdnarola', 'sd', 'sd@narola.email', 123545666333, 'e10adc3949ba59abbe56e057f20f883e', '::1', '1566901658', '1565938213', 'CEPiakw045FU73V', 1, 0),
(20, 1, 'Shivani ', 'Nagoria', 'sna@narola.email', 9727844003, 'e10adc3949ba59abbe56e057f20f883e', '::1', '1566965340', '1566817872', NULL, 1, 0),
(21, 4, 'Jemin', 'Nagoria', 'jemin@gmail.com', 9426114469, 'e10adc3949ba59abbe56e057f20f883e', '::1', '1565693799', '1566210874', NULL, 1, 0),
(22, 1, 'Sagar', 'Tamakuwala', 'sagartamakuwala@gmail.com', 9727844003, 'e10adc3949ba59abbe56e057f20f883e', '', 'Never', '1566022320', NULL, 1, 0),
(26, 3, 'Shivani 123', 'sna', 'sna123@narola.email', 9727844003, 'e10adc3949ba59abbe56e057f20f883e', '::1', '1566284172', '', NULL, 0, 0),
(27, 1, 'Mickey', 'Mouse', 'mickery@gmail.com', 9727844003, 'e10adc3949ba59abbe56e057f20f883e', '', 'Never', '', NULL, 1, 0),
(30, 1, 'apple', 'fruits', 'apple@gmail.com', 9727844003, 'e10adc3949ba59abbe56e057f20f883e', '', 'Never', '', NULL, 1, 0),
(28, 1, 'mina', 'pwq', 'mana@gmail.com', 98513467, 'd41d8cd98f00b204e9800998ecf8427e', '', 'Never', '', NULL, 0, 0),
(29, 4, 'Mickey', 'auyb', 'mickey21w@gmail.com', 9727844003, 'e10adc3949ba59abbe56e057f20f883e', '', 'Never', '', NULL, 1, 0),
(31, 1, 'Carrot', 'Vegetables', 'c@gmail.com', 9727844003, 'e10adc3949ba59abbe56e057f20f883e', '', 'Never', '', NULL, 1, 0),
(32, 1, 'almonds', 'Dryfruits', 'almonds@gmail.comn', 9426114469, 'e10adc3949ba59abbe56e057f20f883e', '', 'Never', '', NULL, 1, 1),
(33, 1, 'Zebra', 'Aminal', 'zebra@gmail.com', 9727844003, 'e10adc3949ba59abbe56e057f20f883e', '', 'Never', '', NULL, 1, 1);

-- --------------------------------------------------------

--
-- Table structure for table `user_permissions`
--

DROP TABLE IF EXISTS `user_permissions`;
CREATE TABLE IF NOT EXISTS `user_permissions` (
  `user_id` bigint(20) NOT NULL,
  `features` varchar(500) NOT NULL,
  `capabilities` varchar(500) NOT NULL
) ENGINE=MyISAM DEFAULT CHARSET=latin1;

--
-- Dumping data for table `user_permissions`
--

INSERT INTO `user_permissions` (`user_id`, `features`, `capabilities`) VALUES
(20, 'roles', 'Delete'),
(23, 'roles', 'Delete'),
(24, 'roles', 'Delete'),
(31, 'roles', 'Edit'),
(28, 'roles', 'Edit'),
(30, 'roles', 'Edit'),
(27, 'roles', 'Edit'),
(21, 'users', 'View'),
(22, 'roles', 'Edit'),
(20, 'roles', 'Edit'),
(23, 'roles', 'Edit'),
(24, 'roles', 'Edit'),
(28, 'roles', 'Create'),
(31, 'roles', 'Create'),
(30, 'roles', 'Create'),
(27, 'roles', 'Create'),
(22, 'roles', 'Create'),
(20, 'roles', 'Create'),
(23, 'roles', 'Create'),
(31, 'roles', 'View'),
(24, 'roles', 'Create'),
(28, 'roles', 'View'),
(30, 'roles', 'View'),
(27, 'roles', 'View'),
(22, 'roles', 'View'),
(20, 'roles', 'View'),
(23, 'roles', 'View'),
(24, 'roles', 'View'),
(31, 'categories', 'Delete'),
(28, 'categories', 'Delete'),
(30, 'categories', 'Delete'),
(27, 'categories', 'Delete'),
(22, 'categories', 'Delete'),
(20, 'categories', 'Delete'),
(23, 'categories', 'Delete'),
(31, 'categories', 'Edit'),
(24, 'categories', 'Delete'),
(28, 'categories', 'Edit'),
(30, 'categories', 'Edit'),
(27, 'categories', 'Edit'),
(22, 'categories', 'Edit'),
(20, 'categories', 'Edit'),
(23, 'categories', 'Edit'),
(24, 'categories', 'Edit'),
(31, 'categories', 'Create'),
(28, 'categories', 'Create'),
(30, 'categories', 'Create'),
(27, 'categories', 'Create'),
(22, 'categories', 'Create'),
(20, 'categories', 'Create'),
(21, 'users', 'Create'),
(23, 'categories', 'Create'),
(21, 'users', 'Edit'),
(21, 'users', 'Delete'),
(21, 'projects', 'View'),
(24, 'categories', 'Create'),
(21, 'projects', 'Create'),
(31, 'categories', 'View'),
(28, 'categories', 'View'),
(30, 'categories', 'View'),
(26, 'categories', 'View'),
(27, 'categories', 'View'),
(22, 'categories', 'View'),
(20, 'categories', 'View'),
(23, 'categories', 'View'),
(24, 'categories', 'View'),
(31, 'projects', 'Delete'),
(28, 'projects', 'Delete'),
(30, 'projects', 'Delete'),
(27, 'projects', 'Delete'),
(22, 'projects', 'Delete'),
(20, 'projects', 'Delete'),
(23, 'projects', 'Delete'),
(24, 'projects', 'Delete'),
(28, 'projects', 'Edit'),
(31, 'projects', 'Edit'),
(28, 'projects', 'View'),
(30, 'projects', 'Edit'),
(27, 'projects', 'Edit'),
(22, 'projects', 'Edit'),
(20, 'projects', 'Edit'),
(23, 'projects', 'Edit'),
(24, 'projects', 'Edit'),
(31, 'projects', 'Create'),
(30, 'projects', 'Create'),
(29, 'users', 'View'),
(29, 'users', 'Create'),
(29, 'users', 'Edit'),
(29, 'users', 'Delete'),
(29, 'projects', 'View'),
(29, 'projects', 'Create'),
(28, 'projects', 'Create'),
(27, 'projects', 'Create'),
(22, 'projects', 'Create'),
(20, 'projects', 'Create'),
(23, 'projects', 'Create'),
(24, 'projects', 'Create'),
(25, 'categories', 'View'),
(26, 'projects', 'Delete'),
(25, 'projects', 'Delete'),
(26, 'projects', 'Edit'),
(31, 'projects', 'View'),
(30, 'projects', 'View'),
(27, 'projects', 'View'),
(22, 'projects', 'View'),
(20, 'projects', 'View'),
(23, 'projects', 'View'),
(24, 'projects', 'View'),
(31, 'users', 'Delete'),
(28, 'users', 'Delete'),
(30, 'users', 'Delete'),
(32, 'users', 'View'),
(32, 'users', 'Create'),
(32, 'users', 'Edit'),
(32, 'users', 'Delete'),
(32, 'projects', 'View'),
(32, 'projects', 'Create'),
(32, 'projects', 'Edit'),
(32, 'projects', 'Delete'),
(32, 'categories', 'View'),
(32, 'categories', 'Create'),
(32, 'categories', 'Edit'),
(32, 'categories', 'Delete'),
(32, 'roles', 'View'),
(32, 'roles', 'Create'),
(32, 'roles', 'Edit'),
(32, 'roles', 'Delete'),
(33, 'users', 'View'),
(33, 'users', 'Create'),
(33, 'users', 'Edit'),
(33, 'users', 'Delete'),
(33, 'projects', 'View'),
(33, 'projects', 'Create'),
(33, 'projects', 'Edit'),
(33, 'projects', 'Delete'),
(33, 'categories', 'View'),
(33, 'categories', 'Create'),
(33, 'categories', 'Edit'),
(33, 'categories', 'Delete'),
(33, 'roles', 'View'),
(33, 'roles', 'Create'),
(33, 'roles', 'Edit'),
(33, 'roles', 'Delete'),
(25, 'projects', 'Edit'),
(26, 'projects', 'View'),
(25, 'projects', 'View'),
(26, 'users', 'View'),
(25, 'users', 'View'),
(27, 'users', 'Delete'),
(22, 'users', 'Delete'),
(20, 'users', 'Delete'),
(23, 'users', 'Delete'),
(24, 'users', 'Delete'),
(31, 'users', 'Edit'),
(28, 'users', 'Edit'),
(30, 'users', 'Edit'),
(27, 'users', 'Edit'),
(22, 'users', 'Edit'),
(20, 'users', 'Edit'),
(23, 'users', 'Edit'),
(24, 'users', 'Edit'),
(31, 'users', 'Create'),
(28, 'users', 'Create'),
(30, 'users', 'Create'),
(27, 'users', 'Create'),
(22, 'users', 'Create'),
(20, 'users', 'Create'),
(23, 'users', 'Create'),
(24, 'users', 'Create'),
(31, 'users', 'View'),
(28, 'users', 'View'),
(30, 'users', 'View'),
(27, 'users', 'View'),
(22, 'users', 'View'),
(20, 'users', 'View'),
(23, 'users', 'View'),
(24, 'users', 'View'),
(22, 'roles', 'Delete'),
(27, 'roles', 'Delete'),
(30, 'roles', 'Delete'),
(28, 'roles', 'Delete'),
(31, 'roles', 'Delete');
COMMIT;

/*!40101 SET CHARACTER_SET_CLIENT=@OLD_CHARACTER_SET_CLIENT */;
/*!40101 SET CHARACTER_SET_RESULTS=@OLD_CHARACTER_SET_RESULTS */;
/*!40101 SET COLLATION_CONNECTION=@OLD_COLLATION_CONNECTION */;
